Metrics,Supplier_Lead_Time,Inventory_Levels,Order_Frequency,Delivery_Performance,Cost_Per_Unit
Supplier_Lead_Time,1,0.3337419542,-0.8806756805,-0.9289319277,0.9703386024
Inventory_Levels,0.3337419542,1,-0.3278015146,-0.2345068417,0.2945582898
Order_Frequency,-0.8806756805,-0.3278015146,1,0.7966861102,-0.8541915524
Delivery_Performance,-0.9289319277,-0.2345068417,0.7966861102,1,-0.9092890964
Cost_Per_Unit,0.9703386024,0.2945582898,-0.8541915524,-0.9092890964,1
